<?xml version="1.0" encoding="utf-8"?>
<ModMetaData>
	<name>Plant Growing Wall Light</name>
	<author>Murmur</author>
	<supportedVersions>
	  <li>1.0</li>
	  <li>1.1</li>
	</supportedVersions>
	<modDependencies>
	  <li>
	    <packageId>UnlimitedHugs.HugsLib</packageId>
	    <displayName>HugsLib</displayName>
	    <steamWorkshopUrl>steam://url/CommunityFilePage/818773962</steamWorkshopUrl>
	  </li>
	</modDependencies>
	<loadAfter>
      <li>UnlimitedHugs.HugsLib</li>
    </loadAfter>
	<packageId>Murmur.UVWallLight</packageId>
	<description>Adds a grow light that is placed directly on walls. By default it uses a lot less power than the Sun Lamp but also has a lot less range.</description>
</ModMetaData>