<?xml version="1.0" encoding="utf-8"?>
<ModMetaData>
	<name>Wall Light</name>
	<author>Murmur</author>
	<supportedVersions>
	  <li>1.1</li>
	  <li>1.2</li>
	  <li>1.3</li>
	  <li>1.4</li>
	</supportedVersions>
	<incompatibleWith>
	  <li>Murmur.WallLightLegacy</li>
	</incompatibleWith>
	<packageId>Murmur.WallLight</packageId>
	<description>Adds a light that is placed directly on walls. By default the light uses less power but also provides less light than the standard standing lamp.</description>
</ModMetaData>