<?xml version="1.0" encoding="utf-8"?>
<ModMetaData>
	<name>Wall Light</name>
	<author>Murmur</author>
	<supportedVersions>
	  <li>1.1</li>
	</supportedVersions>
	<modDependencies>
	  <li>
	    <packageId>UnlimitedHugs.HugsLib</packageId>
	    <displayName>HugsLib</displayName>
	    <steamWorkshopUrl>steam://url/CommunityFilePage/818773962</steamWorkshopUrl>
	  </li>
	</modDependencies>
	<incompatibleWith>
	  <li>Murmur.WallLightLegacy</li>
	</incompatibleWith>
	<loadAfter>
      <li>UnlimitedHugs.HugsLib</li>
    </loadAfter>
	<packageId>Murmur.WallLight</packageId>
	<description>Adds a light that is placed directly on walls. By default the light uses less power but also provides less light than the standard standing lamp.</description>
</ModMetaData>