<?xml version="1.0" encoding="utf-8" ?>
<Defs>

  <!-- Base light -->

  <ThingDef Abstract="True" Name="MURWallLightVIIBase" ParentName="BuildingBase">
	<thingCategories>
      <li>BuildingsFurniture</li>
    </thingCategories>
	<graphicData>
      <texPath>Things/Building/MURWallLight_T</texPath>
      <graphicClass>Graphic_Single</graphicClass>
      <drawSize>1.1,1.1</drawSize>
    </graphicData>
	<uiIconPath>Things/Building/MURWallLight_T</uiIconPath>
	<minifiedDef>MinifiedThing</minifiedDef>
    <altitudeLayer>Item</altitudeLayer>
    <passability>Standable</passability>
	<statBases>
      <MaxHitPoints>10</MaxHitPoints>
      <WorkToBuild>100</WorkToBuild>
      <Flammability>0</Flammability>
	  <Mass>2</Mass>
    </statBases>
    <size>(1,1)</size>
	<placeWorkers>
		<li>MURWallLight.PlaceWorker_WallLight</li>
	</placeWorkers>
    <costList>
      <Steel>5</Steel>
    </costList>
    <leaveResourcesWhenKilled>false</leaveResourcesWhenKilled>
    <comps>
      <li Class="CompProperties_Power">
        <compClass>CompPowerTrader</compClass>
        <basePowerConsumption>10</basePowerConsumption>
      </li>
      <li Class="CompProperties_Flickable" />
	  <li Class="CompProperties_Glower">
        <glowRadius>0</glowRadius>
        <glowColor>(0,0,0,0)</glowColor>
      </li>
    </comps>
    <building>
      <isEdifice>false</isEdifice>
	  <canPlaceOverWall>true</canPlaceOverWall>
    </building>
	<tickerType>Never</tickerType>
    <rotatable>true</rotatable>
	<selectable>true</selectable>
	<destroyable>true</destroyable>
	<useHitPoints>false</useHitPoints>
	<tradeability>None</tradeability>
	<isAutoAttackableMapObject>false</isAutoAttackableMapObject>
	<clearBuildingArea>false</clearBuildingArea>
	<defaultPlacingRot>South</defaultPlacingRot>
  </ThingDef>

  <!-- Main wall light -->

  <ThingDef Name="MURWallLightVII" ParentName="MURWallLightVIIBase">
	<defName>Lighting_MURWallLightVII</defName>
    <label>UNUSED DO NOT TRANSLATE</label>
    <description>UNUSED DO NOT TRANSLATE</description>
	<thingClass>MURWallLight.WallLight</thingClass>
  </ThingDef>

  <!-- Colored lights: Primary -->

  <ThingDef Name="MURWallLightRedVII" ParentName="MURWallLightVIIBase">
	<defName>Lighting_MURWallLightRedVII</defName>
    <label>UNUSED DO NOT TRANSLATE</label>
    <description>UNUSED DO NOT TRANSLATE</description>
	<thingClass>MURWallLight.WallLightRed</thingClass>
  </ThingDef>

  <ThingDef Name="MURWallLightGreenVII" ParentName="MURWallLightVIIBase">
	<defName>Lighting_MURWallLightGreenVII</defName>
    <label>UNUSED DO NOT TRANSLATE</label>
    <description>UNUSED DO NOT TRANSLATE</description>
	<thingClass>MURWallLight.WallLightGreen</thingClass>
  </ThingDef>

  <ThingDef Name="MURWallLightBlueVII" ParentName="MURWallLightVIIBase">
	<defName>Lighting_MURWallLightBlueVII</defName>
    <label>UNUSED DO NOT TRANSLATE</label>
    <description>UNUSED DO NOT TRANSLATE</description>
	<thingClass>MURWallLight.WallLightBlue</thingClass>
  </ThingDef>

  <!-- Colored lights: Secondary -->

  <ThingDef Name="MURWallLightYellowVII" ParentName="MURWallLightVIIBase">
    <defName>Lighting_MURWallLightYellowVII</defName>
    <label>UNUSED DO NOT TRANSLATE</label>
    <description>UNUSED DO NOT TRANSLATE</description>
    <thingClass>MURWallLight.WallLightYellow</thingClass>
  </ThingDef>

  <ThingDef Name="MURWallLightMagentaVII" ParentName="MURWallLightVIIBase">
    <defName>Lighting_MURWallLightMagentaVII</defName>
    <label>UNUSED DO NOT TRANSLATE</label>
    <description>UNUSED DO NOT TRANSLATE</description>
    <thingClass>MURWallLight.WallLightMagenta</thingClass>
  </ThingDef>

  <ThingDef Name="MURWallLightCyanVII" ParentName="MURWallLightVIIBase">
    <defName>Lighting_MURWallLightCyanVII</defName>
    <label>UNUSED DO NOT TRANSLATE</label>
    <description>UNUSED DO NOT TRANSLATE</description>
    <thingClass>MURWallLight.WallLightCyan</thingClass>
  </ThingDef>

  <!-- Colored lights: Tertiary -->

  <ThingDef Name="MURWallLightRoseVII" ParentName="MURWallLightVIIBase">
    <defName>Lighting_MURWallLightRoseVII</defName>
    <label>UNUSED DO NOT TRANSLATE</label>
    <description>UNUSED DO NOT TRANSLATE</description>
    <thingClass>MURWallLight.WallLightRose</thingClass>
  </ThingDef>

  <ThingDef Name="MURWallLightVioletVII" ParentName="MURWallLightVIIBase">
    <defName>Lighting_MURWallLightVioletVII</defName>
    <label>UNUSED DO NOT TRANSLATE</label>
    <description>UNUSED DO NOT TRANSLATE</description>
    <thingClass>MURWallLight.WallLightViolet</thingClass>
  </ThingDef>

  <ThingDef Name="MURWallLightAzureVII" ParentName="MURWallLightVIIBase">
    <defName>Lighting_MURWallLightAzureVII</defName>
    <label>UNUSED DO NOT TRANSLATE</label>
    <description>UNUSED DO NOT TRANSLATE</description>
    <thingClass>MURWallLight.WallLightAzure</thingClass>
  </ThingDef>

  <ThingDef Name="MURWallLightSpringGreenVII" ParentName="MURWallLightVIIBase">
    <defName>Lighting_MURWallLightSpringGreenVII</defName>
    <label>UNUSED DO NOT TRANSLATE</label>
    <description>UNUSED DO NOT TRANSLATE</description>
    <thingClass>MURWallLight.WallLightSpringGreen</thingClass>
  </ThingDef>

  <ThingDef Name="MURWallLightChartreuseVII" ParentName="MURWallLightVIIBase">
    <defName>Lighting_MURWallLightChartreuseVII</defName>
    <label>UNUSED DO NOT TRANSLATE</label>
    <description>UNUSED DO NOT TRANSLATE</description>
    <thingClass>MURWallLight.WallLightChartreuse</thingClass>
  </ThingDef>

  <ThingDef Name="MURWallLightOrangeVII" ParentName="MURWallLightVIIBase">
    <defName>Lighting_MURWallLightOrangeVII</defName>
    <label>UNUSED DO NOT TRANSLATE</label>
    <description>UNUSED DO NOT TRANSLATE</description>
    <thingClass>MURWallLight.WallLightOrange</thingClass>
  </ThingDef>

  <!-- Base glower -->

  <ThingDef Abstract = "True" Name="MURWallLightVIIGlowerBase" ParentName = "BuildingBase">
	<thingClass>MURWallLight.WallLightGlower</thingClass>
	<label>UNUSED DO NOT TRANSLATE</label>
	<description>UNUSED DO NOT TRANSLATE</description>
	<category>Attachment</category>
    <defName>Lighting_MURWallLightVII_GlowerBase</defName>
    <graphicData>
	  <texPath>Things/Building/MURWallLight_T</texPath>
	  <graphicClass>Graphic_Single</graphicClass>
      <drawSize>1,1</drawSize>
    </graphicData>
	<building>
		<isEdifice>false</isEdifice>
	</building>
	<statBases>
		<Flammability>0</Flammability>
	</statBases>
	<altitudeLayer>Floor</altitudeLayer>
	<passability>Standable</passability>
	<destroyable>false</destroyable>
	<rotatable>false</rotatable>
	<clearBuildingArea>false</clearBuildingArea>
	<selectable>false</selectable>
	<coversFloor>false</coversFloor>
	<useHitPoints>false</useHitPoints>
	<tradeability>None</tradeability>
	<isAutoAttackableMapObject>false</isAutoAttackableMapObject>
  </ThingDef>

  <!-- Main light glower -->

  <ThingDef Name="MURWallLightVIIGlower" ParentName = "MURWallLightVIIGlowerBase">
    <defName>Lighting_MURWallLightVII_Glower</defName>
    <comps>
      <li Class="CompProperties_Glower">
        <glowRadius>8</glowRadius>
        <glowColor>(217,217,208,0)</glowColor>
      </li>
	  <li Class="CompProperties_Flickable" />
    </comps>
  </ThingDef>

  <!-- Colored glowers: Primary -->

  <ThingDef Name="MURWallLightVIIGlowerRed" ParentName = "MURWallLightVIIGlowerBase">
	<defName>Lighting_MURWallLightVII_GlowerRed</defName>
    <comps>
      <li Class="CompProperties_Glower">
        <glowRadius>8</glowRadius>
        <glowColor>(642,0,0,0)</glowColor>
      </li>
	  <li Class="CompProperties_Flickable" />
    </comps>
  </ThingDef>

  <ThingDef Name="MURWallLightVIIGlowerGreen" ParentName = "MURWallLightVIIGlowerBase">
	<defName>Lighting_MURWallLightVII_GlowerGreen</defName>
    <comps>
      <li Class="CompProperties_Glower">
        <glowRadius>8</glowRadius>
        <glowColor>(0,642,0,0)</glowColor>
      </li>
	  <li Class="CompProperties_Flickable" />
    </comps>
  </ThingDef>

  <ThingDef Name="MURWallLightVIIGlowerBlue" ParentName = "MURWallLightVIIGlowerBase">
	<defName>Lighting_MURWallLightVII_GlowerBlue</defName>
    <comps>
      <li Class="CompProperties_Glower">
        <glowRadius>8</glowRadius>
        <glowColor>(0,0,642,0)</glowColor>
      </li>
	  <li Class="CompProperties_Flickable" />
    </comps>
  </ThingDef>

  <!-- Colored glowers: Secondary -->

  <ThingDef Name="MURWallLightVIIGlowerYellow" ParentName = "MURWallLightVIIGlowerBase">
    <defName>Lighting_MURWallLightVII_GlowerYellow</defName>
    <comps>
      <li Class="CompProperties_Glower">
        <glowRadius>8</glowRadius>
        <glowColor>(642,642,0,0)</glowColor>
      </li>
      <li Class="CompProperties_Flickable" />
    </comps>
  </ThingDef>

  <ThingDef Name="MURWallLightVIIGlowerMagenta" ParentName = "MURWallLightVIIGlowerBase">
    <defName>Lighting_MURWallLightVII_GlowerMagenta</defName>
    <comps>
      <li Class="CompProperties_Glower">
        <glowRadius>8</glowRadius>
        <glowColor>(642,0,642,0)</glowColor>
      </li>
      <li Class="CompProperties_Flickable" />
    </comps>
  </ThingDef>

  <ThingDef Name="MURWallLightVIIGlowerCyan" ParentName = "MURWallLightVIIGlowerBase">
    <defName>Lighting_MURWallLightVII_GlowerCyan</defName>
    <comps>
      <li Class="CompProperties_Glower">
        <glowRadius>8</glowRadius>
        <glowColor>(0,642,642,0)</glowColor>
      </li>
      <li Class="CompProperties_Flickable" />
    </comps>
  </ThingDef>

  <!-- Colored glowers: Tertiary -->

  <ThingDef Name="MURWallLightVIIGlowerRose" ParentName = "MURWallLightVIIGlowerBase">
    <defName>Lighting_MURWallLightVII_GlowerRose</defName>
    <comps>
      <li Class="CompProperties_Glower">
        <glowRadius>8</glowRadius>
        <glowColor>(642,0,321,0)</glowColor>
      </li>
      <li Class="CompProperties_Flickable" />
    </comps>
  </ThingDef>

  <ThingDef Name="MURWallLightVIIGlowerViolet" ParentName = "MURWallLightVIIGlowerBase">
    <defName>Lighting_MURWallLightVII_GlowerViolet</defName>
    <comps>
      <li Class="CompProperties_Glower">
        <glowRadius>8</glowRadius>
        <glowColor>(321,0,642,0)</glowColor>
      </li>
      <li Class="CompProperties_Flickable" />
    </comps>
  </ThingDef>

  <ThingDef Name="MURWallLightVIIGlowerAzure" ParentName = "MURWallLightVIIGlowerBase">
    <defName>Lighting_MURWallLightVII_GlowerAzure</defName>
    <comps>
      <li Class="CompProperties_Glower">
        <glowRadius>8</glowRadius>
        <glowColor>(0,321,642,0)</glowColor>
      </li>
      <li Class="CompProperties_Flickable" />
    </comps>
  </ThingDef>

  <ThingDef Name="MURWallLightVIIGlowerSpringGreen" ParentName = "MURWallLightVIIGlowerBase">
    <defName>Lighting_MURWallLightVII_GlowerSpringGreen</defName>
    <comps>
      <li Class="CompProperties_Glower">
        <glowRadius>8</glowRadius>
        <glowColor>(0,642,321,0)</glowColor>
      </li>
      <li Class="CompProperties_Flickable" />
    </comps>
  </ThingDef>

  <ThingDef Name="MURWallLightVIIGlowerChartreuse" ParentName = "MURWallLightVIIGlowerBase">
    <defName>Lighting_MURWallLightVII_GlowerChartreuse</defName>
    <comps>
      <li Class="CompProperties_Glower">
        <glowRadius>8</glowRadius>
        <glowColor>(321,642,0,0)</glowColor>
      </li>
      <li Class="CompProperties_Flickable" />
    </comps>
  </ThingDef>

  <ThingDef Name="MURWallLightVIIGlowerOrange" ParentName = "MURWallLightVIIGlowerBase">
    <defName>Lighting_MURWallLightVII_GlowerOrange</defName>
    <comps>
      <li Class="CompProperties_Glower">
        <glowRadius>8</glowRadius>
        <glowColor>(642,321,0,0)</glowColor>
      </li>
      <li Class="CompProperties_Flickable" />
    </comps>
  </ThingDef>

  <!-- Base glower (on) -->

  <ThingDef Abstract = "True" Name="MURWallLightOnVIIBase" ParentName = "BuildingBase">
	<thingClass>MURWallLight.WallLight</thingClass>
	<label>UNUSED DO NOT TRANSLATE</label>
	<description>UNUSED DO NOT TRANSLATE</description>
	<category>Mote</category>
    <defName>Lighting_MURWallLightVII_OnBase</defName>
	<building>
		<isEdifice>false</isEdifice>
	</building>
	<statBases>
		<Flammability>0</Flammability>
	</statBases>
	<altitudeLayer>ItemImportant</altitudeLayer>
	<passability>Standable</passability>
	<destroyable>false</destroyable>
	<rotatable>false</rotatable>
	<clearBuildingArea>false</clearBuildingArea>
	<selectable>false</selectable>
	<coversFloor>false</coversFloor>
	<useHitPoints>false</useHitPoints>
	<tradeability>None</tradeability>
	<isAutoAttackableMapObject>false</isAutoAttackableMapObject>
  </ThingDef>

  <!-- Main light glower (on) -->

  <ThingDef Name="MURWallLightOnVII" ParentName = "MURWallLightOnVIIBase">
    <defName>Lighting_MURWallLightVII_On</defName>
    <graphicData>
	  <texPath>Things/Building/MURWallLight_T</texPath>
	  <graphicClass>Graphic_Single</graphicClass>
      <drawSize>1.1,1.1</drawSize>
    </graphicData>
  </ThingDef>

  <!-- Colored glowers (on): Primary -->

  <ThingDef Name="MURWallLightRedOnVII" ParentName = "MURWallLightOnVIIBase">
    <defName>Lighting_MURWallLightRedVII_On</defName>
    <graphicData>
	  <texPath>Things/Building/MURWallLight_T</texPath>
	  <graphicClass>Graphic_Single</graphicClass>
      <drawSize>1.1,1.1</drawSize>
    </graphicData>
  </ThingDef>

  <ThingDef Name="MURWallLightGreenOnVII" ParentName = "MURWallLightOnVIIBase">
    <defName>Lighting_MURWallLightGreenVII_On</defName>
    <graphicData>
	  <texPath>Things/Building/MURWallLight_T</texPath>
	  <graphicClass>Graphic_Single</graphicClass>
      <drawSize>1.1,1.1</drawSize>
    </graphicData>
  </ThingDef>

  <ThingDef Name="MURWallLightBlueOnVII" ParentName = "MURWallLightOnVIIBase">
    <defName>Lighting_MURWallLightBlueVII_On</defName>
    <graphicData>
	  <texPath>Things/Building/MURWallLight_T</texPath>
	  <graphicClass>Graphic_Single</graphicClass>
      <drawSize>1.1,1.1</drawSize>
    </graphicData>
  </ThingDef>

  <!-- Colored glowers (on): Secondary -->

  <ThingDef Name="MURWallLightYellowOnVII" ParentName = "MURWallLightOnVIIBase">
    <defName>Lighting_MURWallLightYellowVII_On</defName>
    <graphicData>
      <texPath>Things/Building/MURWallLight_T</texPath>
      <graphicClass>Graphic_Single</graphicClass>
      <drawSize>1.1,1.1</drawSize>
    </graphicData>
  </ThingDef>

  <ThingDef Name="MURWallLightMagentaOnVII" ParentName = "MURWallLightOnVIIBase">
    <defName>Lighting_MURWallLightMagentaVII_On</defName>
    <graphicData>
      <texPath>Things/Building/MURWallLight_T</texPath>
      <graphicClass>Graphic_Single</graphicClass>
      <drawSize>1.1,1.1</drawSize>
    </graphicData>
  </ThingDef>

  <ThingDef Name="MURWallLightCyanOnVII" ParentName = "MURWallLightOnVIIBase">
    <defName>Lighting_MURWallLightCyanVII_On</defName>
    <graphicData>
      <texPath>Things/Building/MURWallLight_T</texPath>
      <graphicClass>Graphic_Single</graphicClass>
      <drawSize>1.1,1.1</drawSize>
    </graphicData>
  </ThingDef>

  <!-- Colored glowers (on): Tertiary -->

  <ThingDef Name="MURWallLightRoseOnVII" ParentName = "MURWallLightOnVIIBase">
    <defName>Lighting_MURWallLightRoseVII_On</defName>
    <graphicData>
      <texPath>Things/Building/MURWallLight_T</texPath>
      <graphicClass>Graphic_Single</graphicClass>
      <drawSize>1.1,1.1</drawSize>
    </graphicData>
  </ThingDef>

  <ThingDef Name="MURWallLightVioletOnVII" ParentName = "MURWallLightOnVIIBase">
    <defName>Lighting_MURWallLightVioletVII_On</defName>
    <graphicData>
      <texPath>Things/Building/MURWallLight_T</texPath>
      <graphicClass>Graphic_Single</graphicClass>
      <drawSize>1.1,1.1</drawSize>
    </graphicData>
  </ThingDef>

  <ThingDef Name="MURWallLightAzureOnVII" ParentName = "MURWallLightOnVIIBase">
    <defName>Lighting_MURWallLightAzureVII_On</defName>
    <graphicData>
      <texPath>Things/Building/MURWallLight_T</texPath>
      <graphicClass>Graphic_Single</graphicClass>
      <drawSize>1.1,1.1</drawSize>
    </graphicData>
  </ThingDef>

  <ThingDef Name="MURWallLightSpringGreenOnVII" ParentName = "MURWallLightOnVIIBase">
    <defName>Lighting_MURWallLightSpringGreenVII_On</defName>
    <graphicData>
      <texPath>Things/Building/MURWallLight_T</texPath>
      <graphicClass>Graphic_Single</graphicClass>
      <drawSize>1.1,1.1</drawSize>
    </graphicData>
  </ThingDef>

  <ThingDef Name="MURWallLightChartreuseOnVII" ParentName = "MURWallLightOnVIIBase">
    <defName>Lighting_MURWallLightChartreuseVII_On</defName>
    <graphicData>
      <texPath>Things/Building/MURWallLight_T</texPath>
      <graphicClass>Graphic_Single</graphicClass>
      <drawSize>1.1,1.1</drawSize>
    </graphicData>
  </ThingDef>

  <ThingDef Name="MURWallLightOrangeOnVII" ParentName = "MURWallLightOnVIIBase">
    <defName>Lighting_MURWallLightOrangeVII_On</defName>
    <graphicData>
      <texPath>Things/Building/MURWallLight_T</texPath>
      <graphicClass>Graphic_Single</graphicClass>
      <drawSize>1.1,1.1</drawSize>
    </graphicData>
  </ThingDef>

</Defs>