<?xml version="1.0" encoding="utf-8" ?>
<Defs>

  <DesignatorDropdownGroupDef>
    <defName>MURWallLights</defName>
  </DesignatorDropdownGroupDef>
  
  <ThingDef Abstract="True" Name="MURWallLightBase" ParentName="BuildingBase">
	<thingCategories>
      <li>BuildingsFurniture</li>
    </thingCategories>
	<thingClass>MURWallLight.NewWallLight</thingClass>
	<graphicData>
      <texPath>Things/Building/MURWallLightOff</texPath>
      <graphicClass>Graphic_Multi</graphicClass>
      <drawSize>1.1,1.1</drawSize>
    </graphicData>
	<minifiedDef>MinifiedThing</minifiedDef>
    <altitudeLayer>Item</altitudeLayer>
    <passability>Standable</passability>
	<statBases>
      <MaxHitPoints>10</MaxHitPoints>
      <WorkToBuild>100</WorkToBuild>
      <Flammability>0</Flammability>
	  <Mass>2</Mass>
    </statBases>
    <size>(1,1)</size>
	<placeWorkers>
		<li>MURWallLight.PlaceWorker_WallLight</li>
	</placeWorkers>
    <costList>
      <Steel>5</Steel>
    </costList>
    <leaveResourcesWhenKilled>false</leaveResourcesWhenKilled>
    <comps>
      <li Class="CompProperties_Power">
        <compClass>CompPowerTrader</compClass>
        <basePowerConsumption>10</basePowerConsumption>
      </li>
      <li Class="CompProperties_Flickable" />
	  <li Class="MURWallLight.CompProperties_AttachableToWall" />
    </comps>
    <building>
      <isEdifice>false</isEdifice>
	  <canPlaceOverWall>true</canPlaceOverWall>
    </building>
	<tickerType>Never</tickerType>
    <designationCategory>Furniture</designationCategory>
    <rotatable>true</rotatable>
	<selectable>true</selectable>
	<destroyable>true</destroyable>
	<useHitPoints>false</useHitPoints>
	<isAutoAttackableMapObject>false</isAutoAttackableMapObject>
	<clearBuildingArea>false</clearBuildingArea>
	<defaultPlacingRot>South</defaultPlacingRot>
	<researchPrerequisites><li>Electricity</li></researchPrerequisites>
  </ThingDef>
  
  <ThingDef Name="MURWallLight" ParentName="MURWallLightBase">
	<defName>Lighting_MURWallLight</defName>
    <label>Wall light</label>
    <uiIconPath>Things/Building/MURWallLight_UI</uiIconPath>
    <description>A light fixture designed to be mounted on a wall.</description>
	<comps>
      <li Class="MURWallLight.CompProperties_OffsetGlower">
		<glowerDefName>Lighting_MURWallLight_Glower</glowerDefName>
		<graphicInt>1</graphicInt>
	  </li>
    </comps>
	<designatorDropdown>MURWallLights</designatorDropdown>
  </ThingDef>
  
  <ThingDef Name="MURWallLightRed" ParentName="MURWallLightBase">
	<defName>Lighting_MURWallLightRed</defName>
    <label>Wall light (red)</label>
    <uiIconPath>Things/Building/MURWallLightRed_UI</uiIconPath>
    <description>A light fixture designed to be mounted on a wall. Colored red.</description>
	<comps>
      <li Class="MURWallLight.CompProperties_OffsetGlower">
		<glowerDefName>Lighting_MURWallLight_GlowerRed</glowerDefName>
		<graphicInt>2</graphicInt>
	  </li>
    </comps>
	<designatorDropdown>MURWallLights</designatorDropdown>
	<researchPrerequisites><li>ColoredLights</li></researchPrerequisites>
  </ThingDef>
  
  <ThingDef Name="MURWallLightGreen" ParentName="MURWallLightBase">
	<defName>Lighting_MURWallLightGreen</defName>
    <label>Wall light (green)</label>
    <uiIconPath>Things/Building/MURWallLightGreen_UI</uiIconPath>
    <description>A light fixture designed to be mounted on a wall. Colored green.</description>
	<comps>
      <li Class="MURWallLight.CompProperties_OffsetGlower">
		<glowerDefName>Lighting_MURWallLight_GlowerGreen</glowerDefName>
		<graphicInt>3</graphicInt>
	  </li>
    </comps>
	<designatorDropdown>MURWallLights</designatorDropdown>
	<researchPrerequisites><li>ColoredLights</li></researchPrerequisites>
  </ThingDef>
  
  <ThingDef Name="MURWallLightBlue" ParentName="MURWallLightBase">
	<defName>Lighting_MURWallLightBlue</defName>
    <label>Wall light (blue)</label>
    <uiIconPath>Things/Building/MURWallLightBlue_UI</uiIconPath>
    <description>A light fixture designed to be mounted on a wall. Colored blue.</description>
	<comps>
      <li Class="MURWallLight.CompProperties_OffsetGlower">
		<glowerDefName>Lighting_MURWallLight_GlowerBlue</glowerDefName>
		<graphicInt>4</graphicInt>
	  </li>
    </comps>
	<designatorDropdown>MURWallLights</designatorDropdown>
	<researchPrerequisites><li>ColoredLights</li></researchPrerequisites>
  </ThingDef>
  
  <ThingDef Abstract = "True" Name="MURWallLightGlowerBase" ParentName = "BuildingBase">
	<thingClass>Building</thingClass>
	<label>UNUSED</label>
	<description>UNUSED</description>
	<category>Mote</category>
    <defName>Lighting_MURWallLight_GlowerBase</defName>
	<graphicData>
	  <texPath>Things/Building/MURWallLight_T</texPath>
	  <graphicClass>Graphic_Single</graphicClass>
      <drawSize>1,1</drawSize>
    </graphicData>
	<building>
		<isEdifice>false</isEdifice>
	</building>
	<statBases>
		<Flammability>0</Flammability>
	</statBases>
	<tickerType>Never</tickerType>
	<altitudeLayer>Floor</altitudeLayer>
	<passability>Standable</passability>
	<destroyable>false</destroyable>
	<rotatable>false</rotatable>
	<clearBuildingArea>false</clearBuildingArea>
	<selectable>false</selectable>
	<coversFloor>false</coversFloor>
	<useHitPoints>false</useHitPoints>
	<tradeability>None</tradeability>
	<isAutoAttackableMapObject>false</isAutoAttackableMapObject>
  </ThingDef>
  
  <ThingDef Name="MURWallLightGlower" ParentName = "MURWallLightGlowerBase">
    <defName>Lighting_MURWallLight_Glower</defName>
    <comps>
      <li Class="CompProperties_Glower">
        <glowRadius>8</glowRadius>
        <glowColor>(217,217,208,0)</glowColor>
      </li>
    </comps>
  </ThingDef>
  
  <ThingDef Name="MURWallLightGlowerRed" ParentName = "MURWallLightGlowerBase">
    <defName>Lighting_MURWallLight_GlowerRed</defName>
    <comps>
      <li Class="CompProperties_Glower">
        <glowRadius>8</glowRadius>
        <glowColor>(642,0,0,0)</glowColor>
      </li>
    </comps>
  </ThingDef>
  
  <ThingDef Name="MURWallLightGlowerGreen" ParentName = "MURWallLightGlowerBase">
    <defName>Lighting_MURWallLight_GlowerGreen</defName>
    <comps>
      <li Class="CompProperties_Glower">
        <glowRadius>8</glowRadius>
        <glowColor>(0,642,0,0)</glowColor>
      </li>
    </comps>
  </ThingDef>
  
  <ThingDef Name="MURWallLightGlowerBlue" ParentName = "MURWallLightGlowerBase">
    <defName>Lighting_MURWallLight_GlowerBlue</defName>
    <comps>
      <li Class="CompProperties_Glower">
        <glowRadius>8</glowRadius>
        <glowColor>(0,0,642,0)</glowColor>
      </li>
    </comps>
  </ThingDef>

</Defs>