<?xml version="1.0" encoding="utf-8" ?>
<Patch>
  <Operation Class="PatchOperationAdd">
    <xpath>*/TerrainDef[@Name="FloorBase"]/affordances</xpath>
    <value>
         <li>Subsurface</li>
   </value>
  </Operation>
  
  <Operation Class="PatchOperationAdd">
    <xpath>*/TerrainDef[@Name="BurnedFloorBase"]/affordances</xpath>
    <value>
         <li>Subsurface</li>
   </value>
  </Operation>
  
  <Operation Class="PatchOperationConditional">
   <xpath>*/TerrainDef[@Name="NaturalTerrainBase"]/affordances</xpath>
	<nomatch Class="PatchOperationAdd">
		<xpath>*/TerrainDef[@Name="NaturalTerrainBase"]</xpath>
		<value>
			<affordances>
				<li>Subsurface</li>
			</affordances>
		</value>
	</nomatch>
	<match Class="PatchOperationAdd">
		<xpath>*/TerrainDef[@Name="NaturalTerrainBase"]/affordances</xpath>
		<value>
			<li>Subsurface</li>
		</value>
	</match>
	</Operation>
	
  <Operation Class="PatchOperationConditional">
   <xpath>*/TerrainDef[@Name="TerrainRoadBase"]/affordances</xpath>
	<nomatch Class="PatchOperationAdd">
		<xpath>*/TerrainDef[@Name="TerrainRoadBase"]</xpath>
		<value>
			<affordances>
				<li>Subsurface</li>
			</affordances>
		</value>
	</nomatch>
	<match Class="PatchOperationAdd">
		<xpath>*/TerrainDef[@Name="TerrainRoadBase"]/affordances</xpath>
		<value>
			<li>Subsurface</li>
		</value>
	</match>
  </Operation>
  
</Patch>