<?xml version="1.0" encoding="utf-8" ?>

<Patch>
  <Operation Class="PatchOperationFindMod">
    <mods>
        <li>[T] MoreFloors</li>
    </mods>
	<match Class="PatchOperationSequence">
	  <success>Always</success>
	  <operations>
		<li Class="PatchOperationAdd">
		<xpath>*/TerrainDef[@Name="FloorBaseCarpet"]/affordances</xpath>
			<value>
				<li>Subsurface</li>
			</value>
		</li>
		<li Class="PatchOperationAdd">
		<xpath>*/TerrainDef[@Name="FloorPlasteel"]/affordances</xpath>
			<value>
				<li>Subsurface</li>
			</value>
		</li>
		<li Class="PatchOperationAdd">
		<xpath>*/TerrainDef[@Name="FloorStraw"]/affordances</xpath>
			<value>
				<li>Subsurface</li>
			</value>
		</li>
		<li Class="PatchOperationAdd">
		<xpath>*/TerrainDef[@Name="FloorJade"]/affordances</xpath>
			<value>
				<li>Subsurface</li>
			</value>
		</li>
		<li Class="PatchOperationAdd">
		<xpath>*/TerrainDef[@Name="FloorBaseStone"]/affordances</xpath>
			<value>
				<li>Subsurface</li>
			</value>
		</li>
		<li Class="PatchOperationAdd">
		<xpath>*/TerrainDef[@Name="FloorBaseWood"]/affordances</xpath>
			<value>
				<li>Subsurface</li>
			</value>
		</li>
	  </operations>
    </match>
  </Operation>
</Patch>