<?xml version="1.0" encoding="utf-8" ?>
<Buildings>

  <ThingDef Abstract="True" Name="MURWallLightBase" ParentName="BuildingBase">
    <altitudeLayer>Blueprint</altitudeLayer>
    <passability>Standable</passability>
	<statBases>
      <MaxHitPoints>10</MaxHitPoints>
      <WorkToBuild>100</WorkToBuild>
      <Flammability>1.0</Flammability>
    </statBases>
    <size>(1,1)</size>
    <costList>
      <Steel>5</Steel>
    </costList>
    <leaveResourcesWhenKilled>false</leaveResourcesWhenKilled>
    <comps>
      <li Class="CompProperties_Power">
        <compClass>CompPowerTrader</compClass>
        <basePowerConsumption>10</basePowerConsumption>
      </li>
      <li Class="CompProperties_Flickable" />
    </comps>
    <building>
      <isEdifice>false</isEdifice>
    </building>
    <designationCategory>Furniture</designationCategory>
    <rotatable>true</rotatable>
	<researchPrerequisites><li>Electricity</li></researchPrerequisites>
  </ThingDef>
  
  <ThingDef Name="MURWallLight" ParentName="MURWallLightBase">
    <defName>Lighting_MURWallLight</defName>
    <label>Wall Light</label>
    <graphicData>
      <texPath>Things/Building/WallLight</texPath>
      <graphicClass>Graphic_Multi</graphicClass>
      <drawSize>2,2</drawSize>
    </graphicData>
    <uiIconPath>Things/Building/WallLight_UI</uiIconPath>
    <description>A light fixture designed to be mounted on a wall.</description>
    <comps>
      <li Class="CompProperties_Glower">
        <glowRadius>6</glowRadius>
        <glowColor>(217,217,208,0)</glowColor>
      </li>
    </comps>
  </ThingDef>
  
  <ThingDef ParentName="MURWallLightBase">
    <defName>Lighting_MURWallLightRed</defName>
    <label>Wall Light (red)</label>
    <graphicData>
      <texPath>Things/Building/WallLightRed</texPath>
      <graphicClass>Graphic_Multi</graphicClass>
      <drawSize>2,2</drawSize>
    </graphicData>
    <uiIconPath>Things/Building/WallLightRed_UI</uiIconPath>
    <description>A light fixture designed to be mounted on a wall, colored red.</description>
    <comps>
      <li Class="CompProperties_Glower">
        <glowRadius>6</glowRadius>
        <glowColor>(217,0,0,0)</glowColor>
      </li>
    </comps>
	<researchPrerequisites><li>ColoredLights</li></researchPrerequisites>
  </ThingDef>
  
  <ThingDef ParentName="MURWallLightBase">
    <defName>Lighting_MURWallLightGreen</defName>
    <label>Wall Light (green)</label>
    <graphicData>
      <texPath>Things/Building/WallLightGreen</texPath>
      <graphicClass>Graphic_Multi</graphicClass>
      <drawSize>2,2</drawSize>
    </graphicData>
    <uiIconPath>Things/Building/WallLightGreen_UI</uiIconPath>
    <description>A light fixture designed to be mounted on a wall, colored green.</description>
    <comps>
      <li Class="CompProperties_Glower">
        <glowRadius>6</glowRadius>
        <glowColor>(0,217,0,0)</glowColor>
      </li>
    </comps>
	<researchPrerequisites><li>ColoredLights</li></researchPrerequisites>
  </ThingDef>
  
  <ThingDef ParentName="MURWallLightBase">
    <defName>Lighting_MURWallLightBlue</defName>
    <label>Wall Light (blue)</label>
    <graphicData>
      <texPath>Things/Building/WallLightBlue</texPath>
      <graphicClass>Graphic_Multi</graphicClass>
      <drawSize>2,2</drawSize>
    </graphicData>
    <uiIconPath>Things/Building/WallLightBlue_UI</uiIconPath>
    <description>A light fixture designed to be mounted on a wall, colored blue.</description>
    <comps>
      <li Class="CompProperties_Glower">
        <glowRadius>6</glowRadius>
        <glowColor>(0,0,217,0)</glowColor>
      </li>
    </comps>
	<researchPrerequisites><li>ColoredLights</li></researchPrerequisites>
  </ThingDef>

</Buildings>