<?xml version="1.0" encoding="utf-8"?>
<ModMetaData>
	<name>Subsurface Conduit</name>
	<author>Murmur</author>
	<supportedVersions>
	  <li>1.0</li>
	  <li>1.1</li>
	  <li>1.2</li>
	  <li>1.3</li>
	</supportedVersions>
	<modDependencies>
		<li>
			<packageId>brrainz.harmony</packageId>
			<displayName>Harmony</displayName>
			<steamWorkshopUrl>steam://url/CommunityFilePage/2009463077</steamWorkshopUrl>
			<downloadUrl>https://github.com/pardeike/HarmonyRimWorld/releases/latest</downloadUrl>
		</li>
	</modDependencies>
	<packageId>Murmur.SubsurfaceConduit</packageId>
	<description>Adds a power conduit that is placed underground, negating the beauty loss of a regular conduit and keeping it safe from damage, but requirng more steel and a lot more work to build.</description>
</ModMetaData>