<?xml version="1.0" encoding="utf-8"?>
<ModMetaData>
	<name>Subsurface Conduit</name>
	<author>Murmur</author>
	<supportedVersions>
	  <li>1.0</li>
	  <li>1.1</li>
	</supportedVersions>
	<modDependencies>
	  <li>
	    <packageId>UnlimitedHugs.HugsLib</packageId>
	    <displayName>HugsLib</displayName>
	    <steamWorkshopUrl>steam://url/CommunityFilePage/818773962</steamWorkshopUrl>
	  </li>
	</modDependencies>
	<loadAfter>
      <li>UnlimitedHugs.HugsLib</li>
    </loadAfter>
	<packageId>Murmur.SubsurfaceConduit</packageId>
	<description>Adds a power conduit that is placed underground, negating the beauty loss of a regular conduit and keeping it safe from damage, but requirng more steel and a lot more work to build.</description>
</ModMetaData>