<?xml version="1.0" encoding="utf-8"?>
<Patch>
	<Operation Class="PatchOperationSequence">
		<operations>
			<li Class="PatchOperationReplace">
				<xpath>Defs/ThingDef[defName = "WallLamp"]/graphicData</xpath>
				<value>
					<graphicData>
						<texPath>Things/Building/MURWallLight</texPath>
						<graphicClass>Graphic_Multi</graphicClass>
						<drawSize>2,2</drawSize>
					</graphicData>   
				</value>
			</li>
			<li Class="PatchOperationAdd">
				<xpath>Defs/ThingDef[defName = "WallLamp"]</xpath>
				<value>
					<uiIconPath>Things/Building/MURWallLight_UI</uiIconPath>
				</value>
			</li>
		</operations>
   </Operation>
</Patch>