<?xml version="1.0" encoding="utf-8"?>
<ModMetaData>
	<name>Faction Resources</name>
	<author>Murmur</author>
	<supportedVersions>
	  <li>1.1</li>
	</supportedVersions>
	<modDependencies>
	  <li>
	    <packageId>UnlimitedHugs.HugsLib</packageId>
	    <displayName>HugsLib</displayName>
	    <steamWorkshopUrl>steam://url/CommunityFilePage/818773962</steamWorkshopUrl>
	  </li>
	</modDependencies>
	<loadAfter>
      <li>UnlimitedHugs.HugsLib</li>
	  <li>Cabbage.RimCities</li>
	  <li>Cabbage.RimCitiesDevBuild</li>
    </loadAfter>
	<packageId>Murmur.FactionResources</packageId>
	<description>Gives resource pools to every faction. The cost of enemy raids is then subtracted from this pool, and it replenishes slowly over time, based on difficulty level. Factions also receive resources back from escaped raiders and released prisoners, depending on their health.</description>
</ModMetaData>