<?xml version="1.0" encoding="utf-8"?>
<ModMetaData>
	<name>Thick Roof Miner</name>
	<author>Murmur</author>
	<supportedVersions>
	  <li>1.1</li>
	  <li>1.2</li>
	  <li>1.3</li>
	</supportedVersions>
	<modDependencies>
		<li>
			<packageId>brrainz.harmony</packageId>
			<displayName>Harmony</displayName>
			<steamWorkshopUrl>steam://url/CommunityFilePage/2009463077</steamWorkshopUrl>
			<downloadUrl>https://github.com/pardeike/HarmonyRimWorld/releases/latest</downloadUrl>
		</li>
	</modDependencies>
	<loadAfter>
      <li>brrainz.harmony</li>
    </loadAfter>
	<packageId>Murmur.ThickRoofMiner</packageId>
	<description>When a thick roof collapses the tile becomes unroofed. The collapsed rocks left behind have had their max hit points greatly increased, and their actual hit points are determined by how deep in the mountain it is. Less deep = Less hitpoints.</description>
</ModMetaData>