<?xml version="1.0" encoding="utf-8" ?>
<Defs>

	<ThingDef ParentName="BuildingBase" Name="MUR_SubsurfaceConduit">
		<defName>MUR_SubsurfaceConduit</defName>
		<label>subsurface conduit</label>
		<description>A reinforced bundle of electrical cables for moving power around. Placed below the surface.</description>
		<thingClass>MUR_SubsurfaceConduit.SubsurfaceConduit</thingClass>
		<category>Building</category>
		<graphicData>
			<texPath>Things/Building/Linked/PowerConduit_Atlas</texPath>
			<graphicClass>Graphic_Single</graphicClass>
			<linkType>Transmitter</linkType>
			<linkFlags>
				<li>PowerConduit</li>
			</linkFlags>
			<damageData>
				<rect>(0,0.35,1,0.3)</rect>
			</damageData>
		</graphicData>
		<uiIconPath>Things/Building/Linked/PowerConduit_MenuIcon</uiIconPath>
		<uiIconScale>0.7</uiIconScale>
		<building>
				<ai_chillDestination>false</ai_chillDestination>
				<isInert>true</isInert>
		  <isEdifice>false</isEdifice>
		  <blueprintGraphicData>
			<texPath>Things/Building/Linked/PowerConduit_Blueprint_Atlas</texPath>
		  </blueprintGraphicData>
		</building>
		<altitudeLayer>FloorEmplacement</altitudeLayer>
		<passability>Standable</passability>
		<leaveResourcesWhenKilled>false</leaveResourcesWhenKilled>
		<statBases>
		  <MaxHitPoints>100</MaxHitPoints>
		  <WorkToBuild>900</WorkToBuild>
		  <Flammability>0</Flammability>
		  <Beauty>0</Beauty>
		</statBases>
		<placingDraggableDimensions>1</placingDraggableDimensions>
		<costList>
		  <Steel>3</Steel>
		</costList>
		<comps>
		  <li Class="CompProperties_Power">
			<compClass>CompPowerTransmitter</compClass>
			<transmitsPower>true</transmitsPower>
		  </li>
		</comps>
		<placeWorkers>
		  <li>PlaceWorker_Conduit</li>
		</placeWorkers>
		<rotatable>false</rotatable>
		<useHitPoints>false</useHitPoints>
		<tradeability>None</tradeability>
		<isAutoAttackableMapObject>false</isAutoAttackableMapObject>
		<selectable>true</selectable>
		<neverMultiSelect>true</neverMultiSelect>
		<soundImpactDefault>BulletImpact_Metal</soundImpactDefault>
		<terrainAffordanceNeeded>Light</terrainAffordanceNeeded>
		<designationCategory>Power</designationCategory>
		<constructEffect>ConstructDirt</constructEffect>
		<clearBuildingArea>false</clearBuildingArea>
		<researchPrerequisites>
		  <li>Electricity</li>
		</researchPrerequisites>
  </ThingDef>
  
  <ThingDef ParentName="BuildingBase" Name="MUR_SubsurfaceConduitBuried">
		<defName>MUR_SubsurfaceConduitBuried</defName>
		<label>subsurface conduit (buried)</label>
		<description>You shouldn't be seeing this.</description>
		<thingClass>MUR_SubsurfaceConduit.SubsurfaceConduit</thingClass>
		<category>Attachment</category>
		<graphicData>
		  <texPath>Things/Building/MUR_SubsurfaceConduit</texPath>
		  <graphicClass>Graphic_Single</graphicClass>
		  <damageData>
			<rect>(0,0.35,1,0.3)</rect>
		  </damageData>
		</graphicData>
		<uiIconPath>Things/Building/Linked/PowerConduit_MenuIcon</uiIconPath>
		<uiIconScale>0.7</uiIconScale>
		<building>
				<ai_chillDestination>false</ai_chillDestination>
				<isInert>true</isInert>
		  <isEdifice>false</isEdifice>
		  <blueprintGraphicData>
			<texPath>Things/Building/Linked/PowerConduit_Blueprint_Atlas</texPath>
		  </blueprintGraphicData>
		</building>
		<altitudeLayer>FloorEmplacement</altitudeLayer>
		<passability>Standable</passability>
		<leaveResourcesWhenKilled>false</leaveResourcesWhenKilled>
		<statBases>
		  <MaxHitPoints>100</MaxHitPoints>
		  <WorkToBuild>500</WorkToBuild>
		  <Flammability>0</Flammability>
		</statBases>
		<placingDraggableDimensions>1</placingDraggableDimensions>
		<costList>
		  <Steel>3</Steel>
		</costList>
		<comps>
		  <li Class="CompProperties_Power">
			<compClass>CompPowerTransmitter</compClass>
			<transmitsPower>true</transmitsPower>
		  </li>
		</comps>
		<placeWorkers>
		  <li>PlaceWorker_Conduit</li>
		</placeWorkers>
		<rotatable>false</rotatable>
		<destroyable>false</destroyable>
		<useHitPoints>false</useHitPoints>
		<tradeability>None</tradeability>
		<isAutoAttackableMapObject>false</isAutoAttackableMapObject>
		<selectable>true</selectable>
		<neverMultiSelect>true</neverMultiSelect>
		<soundImpactDefault>BulletImpact_Metal</soundImpactDefault>
		<terrainAffordanceNeeded>Light</terrainAffordanceNeeded>
		<constructEffect>ConstructDirt</constructEffect>
		<clearBuildingArea>false</clearBuildingArea>
		<researchPrerequisites>
		  <li>Electricity</li>
		</researchPrerequisites>
  </ThingDef>

</Defs>