<?xml version="1.0" encoding="utf-8"?>
<ModMetaData>
	<name>Enemy Self Preservation</name>
	<author>Murmur</author>
	<supportedVersions>
	  <li>1.1</li>
	</supportedVersions>
	<modDependencies>
	  <li>
	    <packageId>UnlimitedHugs.HugsLib</packageId>
	    <displayName>HugsLib</displayName>
	    <steamWorkshopUrl>steam://url/CommunityFilePage/818773962</steamWorkshopUrl>
	  </li>
	</modDependencies>
	<loadAfter>
      <li>UnlimitedHugs.HugsLib</li>
    </loadAfter>
	<packageId>Murmur.EnemySelfPreservation</packageId>
	<description>Makes humanlike enemies flee when sufficiently injured. Does not affect animals or mechanoids.</description>
</ModMetaData>