<?xml version="1.0" encoding="utf-8"?>
<Patch>
	<Operation Class="PatchOperationSequence">
		<operations>
			<li Class="PatchOperationReplace">
				<xpath>Defs/ThingDef[defName = "Lighting_MURWallLight"]/comps</xpath>
				<value>
					<comps>
						<li Class="CompProperties_Glower">
						<glowRadius>16</glowRadius>
						<glowColor>(217,217,208,0)</glowColor>
						</li>
					</comps>
				</value>
			</li>
			<li Class="PatchOperationReplace">
				<xpath>Defs/ThingDef[defName = "Lighting_MURWallLightRed"]/comps</xpath>
				<value>
					<comps>
						<li Class="CompProperties_Glower">
						<glowRadius>16</glowRadius>
						<glowColor>(255,0,0,0)</glowColor>
						</li>
					</comps>
				</value>
			</li>
			<li Class="PatchOperationReplace">
				<xpath>Defs/ThingDef[defName = "Lighting_MURWallLightGreen"]/comps</xpath>
				<value>
					<comps>
						<li Class="CompProperties_Glower">
						<glowRadius>16</glowRadius>
						<glowColor>(0,255,0,0)</glowColor>
						</li>
					</comps>
				</value>
			</li>
			<li Class="PatchOperationReplace">
				<xpath>Defs/ThingDef[defName = "Lighting_MURWallLightBlue"]/comps</xpath>
				<value>
					<comps>
						<li Class="CompProperties_Glower">
						<glowRadius>16</glowRadius>
						<glowColor>(0,0,255,0)</glowColor>
						</li>
					</comps>
				</value>
			</li>
		</operations>
   </Operation>
</Patch>