<?xml version="1.0" encoding="UTF-8"?>
<LanguageData>

	<Lighting_MURWallLight.label>Wall light</Lighting_MURWallLight.label>
	<Lighting_MURWallLight.description>A light fixture designed to be mounted on a wall.</Lighting_MURWallLight.description>

	<Lighting_MURWallLightRed.label>Wall light (red)</Lighting_MURWallLightRed.label>
	<Lighting_MURWallLightRed.description>A light fixture designed to be mounted on a wall. Colored red.</Lighting_MURWallLightRed.description>

	<Lighting_MURWallLightGreen.label>Wall light (green)</Lighting_MURWallLightGreen.label>
	<Lighting_MURWallLightGreen.description>A light fixture designed to be mounted on a wall. Colored green.</Lighting_MURWallLightGreen.description>

	<Lighting_MURWallLightBlue.label>Wall light (blue)</Lighting_MURWallLightBlue.label>
	<Lighting_MURWallLightBlue.description>A light fixture designed to be mounted on a wall. Colored blue.</Lighting_MURWallLightBlue.description>
	
	<Lighting_MURWallSunLight.label>Wall sun light</Lighting_MURWallSunLight.label>
	<Lighting_MURWallSunLight.description>A sun light fixture for growing plants, designed to be mounted on a wall.</Lighting_MURWallSunLight.description>

</LanguageData>